{
  "buildCommand": "npm run build",
  "outputDirectory": ".next",
  "framework": "nextjs",
  "rewrites": [
    {
      "source": "/(.*)",
      "destination": "/"
    }
  ],
  "headers": [
    {
      "source": "/(.*)",
      "headers": [
        {
          "key": "X-Content-Type-Options",
          "value": "nosniff"
        },
        {
          "key": "X-Frame-Options",
          "value": "DENY"
        },
        {
          "key": "X-XSS-Protection",
          "value": "1; mode=block"
        },
        {
          "key": "Referrer-Policy",
          "value": "origin-when-cross-origin"
        }
      ]
    }
  ]
}